# STN,YYYYMMDD,HH,DD,FH,FF,FX,T,T10N,TD,SQ,Q,DR,RH,P,VV,N,U,WW,IX,M,R,S,O,Y
260,20260101,1,250,40,40,90,44,,10,0,0,0,0,10136,50,8.0,78,,,0,0,0,0,0
260,20260101,2,240,50,50,90,45,,7,0,0,0,0,10127,65,8.0,76,,,0,0,0,0,0
260,20260101,3,240,50,50,100,45,,5,0,0,0,0,10112,80,8.0,75,,,0,0,0,0,0
260,20260101,4,240,50,50,100,43,,5,0,0,0,0,10097,82,8.0,76,,,0,0,0,0,0
260,20260101,5,240,60,60,110,45,,4,0,0,0,0,10081,82,8.0,74,,,0,0,0,0,0
260,20260101,6,240,70,60,140,43,38.0,-2,0,0,0,0,10072,82,8.0,72,,,0,0,0,0,0
260,20260101,7,250,70,70,130,34,,12,0,0,3,1,10060,58,8.0,85,,,0,1,0,0,0
260,20260101,8,240,60,60,140,33,,23,0,0,10,3,10052,45,8.0,92,,,0,1,0,0,0
260,20260101,9,240,60,60,110,34,,27,0,1,10,14,10044,50,8.0,94,,,0,1,0,0,0
260,20260101,10,250,50,60,110,41,,30,0,6,10,17,10038,58,8.0,92,,,0,1,0,0,0
260,20260101,11,250,60,60,110,46,,31,0,9,5,2,10026,73,8.0,90,,,0,1,0,0,0
260,20260101,12,260,60,60,110,53,30.0,28,0,18,0,-1,10019,77,8.0,84,,,0,1,0,0,0
260,20260101,13,260,60,60,120,55,,25,0,22,0,0,10012,80,8.0,80,,,0,0,0,0,0
260,20260101,14,250,50,40,120,49,,26,0,18,1,2,10005,80,8.0,85,,,0,1,0,0,0
260,20260101,15,260,50,60,110,54,,20,0,6,1,4,9999,80,8.0,78,,,0,1,0,0,0
260,20260101,16,260,60,60,120,52,,17,0,1,0,-1,9996,80,8.0,78,,,0,1,0,0,0
260,20260101,17,270,60,60,140,51,,7,0,0,0,0,9992,82,8.0,73,,,0,0,0,0,0
260,20260101,18,270,50,50,110,51,36.0,8,0,0,0,-1,9990,79,8.0,73,,,0,1,0,0,0
260,20260101,19,310,50,40,130,36,,10,0,0,2,1,9986,82,8.0,83,,,0,1,0,0,0
260,20260101,20,310,30,20,60,28,,12,0,0,0,0,9983,80,7.0,89,,,0,0,0,0,0
260,20260101,21,290,40,40,100,34,,5,0,0,1,1,9980,82,7.0,81,,,0,1,0,0,0
260,20260101,22,270,40,50,110,19,,9,0,0,7,13,9979,68,7.0,93,,,0,1,0,0,0
260,20260101,23,270,40,30,110,20,,10,0,0,7,6,9978,40,7.0,93,,,0,1,0,0,0
260,20260101,24,280,40,50,100,21,13.0,10,0,0,8,7,9977,68,8.0,92,,,0,1,0,0,0
260,20260102,1,300,30,20,90,14,,7,0,0,5,10,9978,56,8.0,95,,,0,1,1,0,0
260,20260102,2,270,40,40,120,20,,7,0,0,7,15,9971,68,8.0,91,,,0,1,1,0,0
260,20260102,3,270,40,30,140,10,,1,0,0,4,5,9976,38,8.0,93,,,0,1,1,0,0
260,20260102,4,280,50,60,120,8,,1,0,0,5,12,9974,15,8.0,95,,,0,1,1,0,0
260,20260102,5,300,40,40,80,7,,4,0,0,8,21,9974,18,8.0,97,,,0,1,1,0,0
260,20260102,6,300,60,50,140,6,3.0,4,0,0,9,17,9973,22,8.0,99,,,0,1,1,0,0
260,20260102,7,280,40,40,90,8,,4,0,0,8,15,9974,64,8.0,97,,,0,1,1,0,0
260,20260102,8,260,40,50,110,10,,4,0,0,4,11,9975,58,8.0,95,,,0,1,1,0,0
260,20260102,9,260,40,50,100,19,,4,3,16,3,4,9978,61,8.0,89,,,0,1,1,0,0
260,20260102,10,280,50,40,100,16,,3,3,27,4,2,9981,66,8.0,91,,,0,1,1,0,0
260,20260102,11,270,50,70,110,11,,3,0,33,3,4,9979,30,8.0,94,,,0,1,1,0,0
260,20260102,12,260,50,50,110,21,4.0,5,2,43,3,2,9974,62,7.0,89,,,0,1,1,0,0
260,20260102,13,270,60,50,120,23,,12,2,23,5,5,9976,81,8.0,92,,,0,1,0,0,0
260,20260102,14,340,40,20,160,19,,3,0,19,0,-1,9986,83,8.0,89,,,0,1,0,0,0
260,20260102,15,230,20,30,50,17,,5,3,9,1,1,9990,81,7.0,91,,,0,1,1,0,0
260,20260102,16,260,40,40,90,24,,2,0,3,0,0,9992,74,7.0,85,,,0,0,0,0,0
260,20260102,17,260,40,40,70,24,,0,0,0,0,0,10000,70,0.0,83,,,0,0,0,0,0
260,20260102,18,270,40,50,80,34,10.0,2,0,0,0,0,10005,76,6.0,79,,,0,0,0,0,0
260,20260102,19,280,40,40,110,31,,3,0,0,2,1,10012,70,8.0,81,,,0,1,0,0,0
260,20260102,20,280,30,30,70,31,,-2,0,0,1,5,10016,80,7.0,79,,,0,1,0,0,0
260,20260102,21,270,40,40,80,29,,-5,0,0,0,-1,10020,83,8.0,78,,,0,1,0,0,0
260,20260102,22,260,30,30,60,26,,-8,0,0,0,0,10023,82,8.0,78,,,0,0,0,0,0
260,20260102,23,20,30,20,60,17,,-5,0,0,1,1,10027,80,8.0,85,,,0,1,0,0,0
260,20260102,24,210,10,20,40,12,-6.0,-5,0,0,1,1,10021,71,8.0,88,,,0,1,0,0,0
260,20260103,1,290,30,50,80,19,,0,0,0,5,4,10021,60,8.0,86,,,0,1,0,0,0
260,20260103,2,260,30,30,80,19,,5,0,0,2,3,10018,83,8.0,90,,,0,1,0,0,0
260,20260103,3,230,30,40,60,14,,1,0,0,0,0,10011,83,4.0,91,,,0,0,0,0,0
260,20260103,4,230,40,40,80,17,,-10,0,0,0,0,10005,83,4.0,82,,,0,0,0,0,0
260,20260103,5,280,30,30,70,19,,-3,0,0,0,0,10003,82,8.0,85,,,0,0,0,0,0
260,20260103,6,260,40,40,100,2,2.0,1,0,0,10,14,10003,6,8.0,99,,,0,1,1,0,0
260,20260103,7,250,40,40,80,1,,1,0,0,10,16,10000,11,8.0,99,,,0,0,1,0,0
260,20260103,8,250,40,40,70,2,,2,0,0,10,18,10000,38,8.0,99,,,0,0,1,0,0
260,20260103,9,240,30,30,70,3,,2,0,3,7,14,10005,18,8.0,99,,,0,0,1,0,0
260,20260103,10,260,30,30,70,2,,2,0,9,9,18,10008,6,8.0,99,,,0,1,1,0,0
260,20260103,11,240,20,30,60,5,,2,0,19,6,18,10006,81,8.0,98,,,0,1,1,0,0
260,20260103,12,260,30,30,60,10,2.0,3,0,32,4,12,10008,50,8.0,95,,,0,1,1,0,0
260,20260103,13,280,20,20,40,15,,9,0,26,1,3,10016,81,6.0,95,,,0,0,1,0,0
260,20260103,14,280,20,20,40,18,,5,5,42,0,0,10018,81,8.0,91,,,0,0,0,0,0
260,20260103,15,270,20,20,50,21,,0,8,27,0,0,10028,81,2.0,86,,,0,0,0,0,0
260,20260103,16,270,20,20,50,14,,-10,0,7,0,0,10035,83,7.0,84,,,0,0,0,0,0
260,20260103,17,270,30,20,50,16,,-8,0,0,0,0,10040,81,8.0,84,,,0,0,0,0,0
260,20260103,18,260,30,10,130,0,-2.0,-9,0,0,3,7,10048,80,7.0,93,,,0,1,1,0,0
260,20260103,19,310,30,50,110,6,,-3,0,0,4,2,10055,26,8.0,93,,,0,1,1,0,0
260,20260103,20,280,40,40,100,8,,-6,0,0,1,2,10055,82,8.0,90,,,0,0,1,0,0
260,20260103,21,270,40,50,100,9,,-5,0,0,1,1,10056,83,7.0,90,,,0,0,1,0,0
260,20260103,22,260,40,40,110,9,,-1,0,0,0,-1,10058,65,8.0,92,,,0,0,1,0,0
260,20260103,23,230,30,30,60,4,,2,0,0,7,8,10059,31,8.0,98,,,0,0,1,0,0
260,20260103,24,260,30,20,50,5,-12.0,3,0,0,0,-1,10060,74,8.0,98,,,0,0,1,0,0
260,20260104,1,240,30,30,50,4,,0,0,0,2,1,10060,83,6.0,97,,,0,1,1,0,0
260,20260104,2,270,30,30,70,10,,3,0,0,3,3,10062,70,7.0,94,,,0,0,1,0,0
260,20260104,3,270,40,40,100,9,,0,0,0,2,3,10062,46,8.0,94,,,0,1,1,0,0
260,20260104,4,240,40,30,100,6,,1,0,0,5,4,10061,82,7.0,96,,,0,0,1,0,0
260,20260104,5,260,40,40,90,8,,-1,0,0,2,1,10062,83,8.0,93,,,0,0,1,0,0
260,20260104,6,250,40,30,80,5,3.0,2,0,0,6,4,10062,14,8.0,98,,,0,0,1,0,0
260,20260104,7,250,40,40,80,6,,2,0,0,6,7,10065,35,7.0,96,,,0,0,1,0,0
260,20260104,8,230,30,40,70,3,,-1,0,1,0,-1,10070,81,5.0,96,,,0,0,1,0,0
260,20260104,9,260,30,30,60,4,,2,3,11,3,3,10079,8,8.0,98,,,0,0,1,0,0
260,20260104,10,250,40,40,70,7,,3,2,32,5,18,10084,32,8.0,97,,,0,1,1,0,0
260,20260104,11,240,40,40,70,15,,4,7,63,1,4,10083,81,1.0,92,,,0,0,1,0,0
260,20260104,12,240,40,60,90,16,5.0,0,10,89,0,0,10082,81,7.0,89,,,0,0,0,0,0
260,20260104,13,250,40,40,80,11,,0,7,65,0,0,10080,81,7.0,91,,,0,0,0,0,0
260,20260104,14,260,40,40,100,6,,1,7,47,3,3,10081,11,8.0,96,,,0,0,1,0,0
260,20260104,15,250,40,40,90,8,,1,5,14,4,6,10084,82,7.0,94,,,0,1,1,0,0
260,20260104,16,260,40,50,90,6,,0,0,4,0,-1,10088,33,8.0,96,,,0,0,1,0,0
260,20260104,17,240,30,30,70,4,,2,0,0,6,6,10089,28,8.0,98,,,0,0,1,0,0
260,20260104,18,240,20,20,40,5,6.0,-1,0,0,2,1,10090,73,7.0,96,,,0,1,1,0,0
260,20260104,19,220,20,30,50,3,,-17,0,0,0,-1,10091,81,7.0,86,,,0,0,1,0,0
260,20260104,20,230,30,40,70,1,,-26,0,0,0,0,10092,82,3.0,82,,,0,0,0,0,0
260,20260104,21,230,40,40,60,3,,-29,0,0,0,0,10094,82,7.0,79,,,0,0,0,0,0
260,20260104,22,260,30,20,60,2,,-30,0,0,0,-1,10094,68,7.0,79,,,0,0,1,0,0
260,20260104,23,230,30,40,70,0,,-36,0,0,0,-1,10093,83,6.0,76,,,0,0,1,0,0
260,20260104,24,230,30,30,60,-12,-18.0,-39,0,0,0,0,10094,80,0.0,82,,,0,0,0,0,0
260,20260105,1,210,30,30,50,-17,,-36,0,0,0,0,10092,83,2.0,86,,,0,0,0,0,0
260,20260105,2,200,30,40,60,-20,,-37,0,0,0,0,10091,80,0.0,87,,,0,0,0,0,0
260,20260105,3,200,30,30,50,-20,,-36,0,0,0,0,10090,80,8.0,89,,,0,0,0,0,0
260,20260105,4,190,30,30,50,-18,,-30,0,0,0,0,10089,71,8.0,91,,,0,0,0,0,0
260,20260105,5,200,30,30,50,-18,,-26,0,0,0,0,10088,67,8.0,93,,,0,0,0,0,0
260,20260105,6,200,30,30,50,-8,-30.0,-16,0,0,0,0,10090,71,8.0,94,,,0,0,0,0,0
260,20260105,7,190,40,40,90,1,,0,0,0,7,2,10089,6,8.0,99,,,0,0,1,0,0
260,20260105,8,180,40,40,60,-17,,-18,0,1,5,7,10093,63,8.0,99,,,0,0,1,0,0
260,20260105,9,190,30,30,50,-19,,-24,0,7,4,1,10094,13,8.0,96,,,0,0,1,0,0
260,20260105,10,190,30,30,50,-19,,-22,0,11,9,12,10096,6,8.0,97,,,0,0,1,0,0
260,20260105,11,180,20,20,50,-14,,-14,0,10,10,30,10092,9,8.0,99,,,0,0,1,0,0
260,20260105,12,210,30,30,50,-2,-15.0,-7,0,39,2,9,10091,58,8.0,96,,,0,0,1,0,0
260,20260105,13,230,30,40,70,4,,-3,6,56,0,0,10089,57,8.0,95,,,0,0,0,0,0
260,20260105,14,210,30,30,60,2,,-7,9,74,0,0,10089,58,8.0,93,,,0,0,0,0,0
260,20260105,15,200,30,30,60,-3,,-12,9,49,0,0,10091,61,2.0,93,,,0,0,0,0,0
260,20260105,16,200,40,40,60,-11,,-18,0,3,0,0,10093,64,4.0,94,,,0,0,0,0,0
260,20260105,17,200,40,40,60,-14,,-20,0,0,0,0,10095,60,7.0,95,,,0,0,0,0,0
260,20260105,18,200,30,20,50,-7,8.0,-11,0,0,6,4,10097,56,8.0,97,,,0,0,1,0,0
260,20260105,19,220,30,40,70,-3,,-7,0,0,0,-1,10100,57,8.0,96,,,0,0,1,0,0
260,20260105,20,210,30,40,60,-1,,-4,0,0,0,0,10103,56,8.0,97,,,0,0,0,0,0
260,20260105,21,200,30,30,50,-1,,-3,0,0,0,0,10107,50,8.0,98,,,0,0,0,0,0
260,20260105,22,210,20,20,40,1,,-2,0,0,0,-1,10110,28,8.0,98,,,0,0,1,0,0
260,20260105,23,320,20,20,40,4,,-1,0,0,0,-1,10115,58,8.0,96,,,0,0,1,0,0
260,20260105,24,340,30,40,70,5,8.0,-1,0,0,0,0,10122,73,8.0,95,,,0,0,0,0,0
260,20260106,1,340,20,20,50,-1,,-2,0,0,0,0,10126,56,8.0,99,,,0,0,0,0,0
260,20260106,2,320,20,10,40,-16,,-17,0,0,0,0,10132,59,8.0,99,,,0,0,0,0,0
260,20260106,3,250,10,10,30,-50,,-54,0,0,0,0,10136,2,0.0,97,,,1,0,0,0,1
260,20260106,4,230,10,10,20,-76,,-80,0,0,0,0,10141,1,1.0,97,,,1,0,0,0,1
260,20260106,5,280,20,20,50,-20,,-22,0,0,0,0,10145,68,1.0,98,,,1,0,0,0,1
260,20260106,6,270,20,10,40,-15,3.0,-15,0,0,0,0,10145,71,8.0,99,,,0,0,0,0,0
260,20260106,7,280,10,10,20,-65,,-72,0,0,0,0,10146,1,1.0,94,,,1,0,0,0,1
260,20260106,8,140,10,10,20,-77,,-83,0,0,0,0,10152,1,4.0,95,,,1,0,0,0,1
260,20260106,9,180,10,10,20,-50,,-54,3,12,0,-1,10157,12,8.0,97,,,1,0,1,0,1
260,20260106,10,150,10,20,20,-33,,-37,3,31,0,-1,10161,26,7.0,97,,,1,0,1,0,1
260,20260106,11,220,20,30,40,-2,,-3,0,32,0,-1,10156,56,8.0,99,,,0,0,1,0,0
260,20260106,12,190,20,20,30,6,-2.0,0,4,58,0,-1,10154,61,8.0,95,,,0,0,1,0,0
260,20260106,13,210,20,20,40,20,,3,8,90,0,0,10149,74,5.0,88,,,0,0,0,0,0
260,20260106,14,210,30,20,50,23,,1,8,46,0,0,10146,80,8.0,85,,,0,0,0,0,0
260,20260106,15,230,30,30,50,16,,-14,10,40,0,0,10145,81,0.0,80,,,0,0,0,0,0
260,20260106,16,220,30,30,50,-1,,-23,0,6,0,0,10147,82,0.0,85,,,0,0,0,0,0
260,20260106,17,200,30,30,40,-10,,-26,0,0,0,0,10147,82,0.0,88,,,0,0,0,0,0
260,20260106,18,200,30,40,60,-13,-57.0,-24,0,0,0,0,10148,66,0.0,91,,,0,0,0,0,0
260,20260106,19,200,30,40,70,-12,,-24,0,0,0,0,10147,64,0.0,91,,,0,0,0,0,0
260,20260106,20,190,40,40,70,-18,,-28,0,0,0,0,10142,59,2.0,93,,,0,0,0,0,0
260,20260106,21,190,40,40,80,-20,,-33,0,0,0,0,10136,59,2.0,90,,,0,0,0,0,0
260,20260106,22,180,40,40,70,-21,,-34,0,0,0,0,10131,59,4.0,90,,,0,0,0,0,0
260,20260106,23,180,50,50,80,-23,,-35,0,0,0,0,10125,58,8.0,91,,,0,0,0,0,0
260,20260106,24,180,50,50,100,-16,-48.0,-24,0,0,0,-1,10114,57,8.0,94,,,0,0,1,0,0
260,20260107,1,180,60,60,100,-10,,-22,0,0,0,0,10104,60,8.0,91,,,0,0,0,0,0
260,20260107,2,180,60,60,110,-7,,-19,0,0,0,0,10095,59,8.0,91,,,0,0,0,0,0
260,20260107,3,180,70,70,120,-2,,-16,0,0,0,0,10084,61,8.0,90,,,0,0,0,0,0
260,20260107,4,180,70,70,120,3,,-13,0,0,0,-1,10079,61,7.0,89,,,0,0,1,0,0
260,20260107,5,180,70,70,120,4,,-19,0,0,0,-1,10073,68,8.0,84,,,0,0,1,0,0
260,20260107,6,180,70,70,120,-3,-18.0,-14,0,0,0,-1,10065,28,7.0,92,,,0,0,1,0,0
260,20260107,7,180,80,70,120,-8,,-10,0,0,10,2,10058,12,8.0,98,,,0,0,1,0,0
260,20260107,8,170,60,60,110,-10,,-11,0,0,10,8,10052,8,8.0,99,,,0,0,1,0,0
260,20260107,9,170,70,70,130,-10,,-14,0,4,8,4,10047,40,8.0,96,,,0,0,1,0,0
260,20260107,10,180,70,70,120,-8,,-14,0,10,9,2,10045,29,8.0,95,,,0,0,1,0,0
260,20260107,11,180,70,70,120,-5,,-13,0,10,2,1,10039,34,8.0,94,,,0,0,1,0,0
260,20260107,12,190,70,60,130,1,-11.0,-10,0,15,2,2,10031,80,8.0,92,,,0,0,1,0,0
260,20260107,13,200,60,70,110,2,,-9,0,19,3,2,10028,80,8.0,92,,,0,0,1,0,0
260,20260107,14,200,70,70,130,1,,-11,0,18,3,4,10024,61,8.0,91,,,0,1,1,0,0
260,20260107,15,200,60,60,110,2,,-10,0,12,1,1,10026,69,8.0,91,,,0,0,1,0,0
260,20260107,16,190,60,50,110,2,,-6,0,2,2,1,10025,69,8.0,94,,,0,0,1,0,0
260,20260107,17,190,50,50,110,0,,0,0,0,7,3,10028,25,8.0,99,,,0,0,1,0,0
260,20260107,18,200,50,50,90,3,-6.0,3,0,0,8,6,10027,59,8.0,100,,,0,1,1,0,0
260,20260107,19,200,50,40,90,8,,4,0,0,1,9,10026,58,8.0,96,,,0,1,1,0,0
260,20260107,20,230,40,30,80,14,,8,0,0,2,2,10028,56,8.0,96,,,0,1,0,0,0
260,20260107,21,210,40,40,80,17,,11,0,0,5,4,10029,58,8.0,96,,,0,1,0,0,0
260,20260107,22,220,40,40,70,21,,14,0,0,3,3,10033,62,8.0,95,,,0,1,0,0,0
260,20260107,23,220,40,50,70,21,,12,0,0,0,-1,10035,63,8.0,94,,,0,1,0,0,0
260,20260107,24,200,40,30,70,18,-2.0,12,0,0,2,1,10035,64,8.0,95,,,0,1,0,0,0
260,20260108,1,210,30,40,60,22,,11,0,0,0,-1,10037,62,8.0,92,,,0,1,0,0,0
260,20260108,2,220,40,40,70,20,,13,0,0,0,-1,10039,60,7.0,95,,,0,1,0,0,0
260,20260108,3,220,40,40,60,21,,13,0,0,6,2,10041,59,8.0,94,,,0,1,0,0,0
260,20260108,4,210,40,40,60,22,,10,0,0,4,1,10043,63,8.0,91,,,0,1,0,0,0
260,20260108,5,210,40,40,70,22,,9,0,0,0,-1,10045,69,8.0,91,,,0,1,0,0,0
260,20260108,6,220,50,40,80,19,-1.0,7,0,0,0,0,10046,66,8.0,92,,,0,0,0,0,0
260,20260108,7,210,40,40,70,18,,7,0,0,0,-1,10048,62,8.0,92,,,0,1,0,0,0
260,20260108,8,210,40,40,60,18,,6,0,0,0,-1,10048,61,8.0,92,,,0,1,0,0,0
260,20260108,9,220,40,40,70,19,,5,2,12,0,-1,10052,67,8.0,90,,,0,1,0,0,0
260,20260108,10,210,30,40,60,20,,4,0,28,0,0,10053,67,8.0,89,,,0,0,0,0,0
260,20260108,11,210,30,30,60,20,,5,0,35,0,0,10051,64,8.0,89,,,0,0,0,0,0
260,20260108,12,200,40,40,60,21,-1.0,3,0,45,0,0,10046,67,8.0,87,,,0,0,0,0,0
260,20260108,13,190,30,30,50,23,,4,0,37,0,0,10043,68,8.0,86,,,0,0,0,0,0
260,20260108,14,170,30,30,50,18,,4,10,46,0,0,10039,60,7.0,90,,,0,0,0,0,0
260,20260108,15,150,30,30,50,14,,3,8,20,0,0,10033,57,8.0,92,,,0,0,0,0,0
260,20260108,16,140,30,40,60,11,,5,0,3,0,0,10027,49,8.0,95,,,0,0,0,0,0
260,20260108,17,130,40,30,70,11,,7,0,0,0,0,10018,38,8.0,96,,,0,0,0,0,0
260,20260108,18,120,40,40,60,14,7.0,12,0,0,0,0,10005,34,8.0,98,,,0,0,0,0,0
260,20260108,19,120,50,50,70,19,,17,0,0,0,0,9993,15,8.0,98,,,0,0,0,0,0
260,20260108,20,120,50,50,90,20,,16,0,0,9,2,9974,50,8.0,97,,,0,1,0,0,0
260,20260108,21,120,60,60,100,20,,15,0,0,9,3,9956,58,8.0,96,,,0,1,0,0,0
260,20260108,22,110,60,60,100,19,,14,0,0,10,11,9938,56,8.0,96,,,0,1,0,0,0
260,20260108,23,100,60,70,100,15,,11,0,0,10,22,9916,56,8.0,97,,,0,1,0,0,0
260,20260108,24,100,70,70,110,16,8.0,11,0,0,10,22,9892,49,8.0,96,,,0,1,1,0,0
260,20260109,1,110,70,70,130,19,,15,0,0,10,12,9872,32,8.0,97,,,0,1,0,0,0
260,20260109,2,110,50,50,110,22,,17,0,0,10,27,9864,60,8.0,96,,,0,1,1,0,0
260,20260109,3,100,50,50,90,21,,19,0,0,4,11,9849,56,8.0,98,,,0,1,1,0,0
260,20260109,4,80,40,50,70,23,,21,0,0,3,7,9836,58,8.0,98,,,0,1,0,0,0
260,20260109,5,90,40,40,70,25,,24,0,0,1,3,9828,56,8.0,99,,,0,1,0,0,0
260,20260109,6,100,40,50,70,34,9.0,29,0,0,4,2,9820,61,8.0,96,,,0,1,0,0,0
260,20260109,7,80,40,50,80,31,,29,0,0,7,3,9815,57,8.0,98,,,0,1,0,0,0
260,20260109,8,80,50,50,80,34,,31,0,1,10,13,9811,59,8.0,98,,,0,1,0,0,0
260,20260109,9,80,60,50,90,37,,32,0,4,9,11,9806,76,8.0,96,,,0,1,0,0,0
260,20260109,10,80,50,50,90,38,,32,3,30,8,2,9808,65,8.0,95,,,0,1,0,0,0
260,20260109,11,70,50,50,100,38,,31,0,25,10,6,9810,66,8.0,95,,,0,1,0,0,0
260,20260109,12,70,50,50,100,36,21.0,27,0,19,10,7,9815,69,8.0,93,,,0,1,0,0,0
260,20260109,13,30,40,40,80,35,,30,0,12,10,9,9821,72,8.0,96,,,0,1,0,0,0
260,20260109,14,10,50,50,80,23,,19,0,14,10,7,9831,59,8.0,97,,,0,1,0,0,0
260,20260109,15,20,60,60,100,14,,10,0,6,2,1,9844,56,8.0,97,,,0,1,0,0,0
260,20260109,16,20,60,50,110,9,,4,0,1,0,-1,9856,57,8.0,96,,,0,1,0,0,0
260,20260109,17,20,50,50,100,3,,1,0,0,10,4,9869,24,8.0,98,,,0,1,1,0,0
260,20260109,18,20,50,60,100,1,1.0,-1,0,0,5,3,9883,46,8.0,98,,,0,0,1,0,0
260,20260109,19,20,50,50,100,-4,,-5,0,0,10,3,9895,26,8.0,99,,,0,0,1,0,0
260,20260109,20,30,50,50,100,-7,,-8,0,0,9,1,9910,45,8.0,99,,,0,0,1,0,0
260,20260109,21,20,50,40,90,-8,,-13,0,0,0,-1,9923,58,8.0,96,,,0,0,1,0,0
260,20260109,22,30,50,50,100,-12,,-21,0,0,0,-1,9937,60,8.0,93,,,0,0,1,0,0
260,20260109,23,30,60,50,100,-15,,-26,0,0,0,-1,9949,50,8.0,92,,,0,0,1,0,0
260,20260109,24,20,50,40,80,-19,-22.0,-31,0,0,0,-1,9963,58,8.0,91,,,0,0,1,0,0
260,20260110,1,30,40,40,90,-22,,-37,0,0,0,-1,9975,61,8.0,89,,,0,0,1,0,0
260,20260110,2,30,50,40,90,-24,,-41,0,0,0,-1,9990,63,8.0,87,,,0,0,1,0,0
260,20260110,3,30,50,50,100,-25,,-47,0,0,0,-1,10001,65,8.0,85,,,0,0,1,0,0
260,20260110,4,20,40,40,90,-26,,-46,0,0,0,-1,10014,74,8.0,86,,,0,0,1,0,0
260,20260110,5,30,40,40,90,-30,,-45,0,0,0,-1,10027,26,8.0,89,,,0,0,1,0,0
260,20260110,6,30,40,40,80,-29,-29.0,-46,0,0,3,1,10040,57,8.0,87,,,0,0,1,0,0
260,20260110,7,40,50,50,80,-27,,-53,0,0,0,-1,10054,74,8.0,82,,,0,0,1,0,0
260,20260110,8,50,50,50,80,-28,,-58,0,1,0,-1,10068,81,8.0,79,,,0,0,1,0,0
260,20260110,9,40,40,30,80,-28,,-56,0,8,0,0,10085,81,8.0,81,,,0,0,0,0,0
260,20260110,10,50,40,40,80,-28,,-58,0,14,0,0,10102,82,8.0,80,,,0,0,0,0,0
260,20260110,11,50,40,40,80,-26,,-58,0,23,0,0,10113,80,8.0,78,,,0,0,0,0,0
260,20260110,12,70,40,60,90,-23,-12.0,-63,0,34,0,0,10122,81,8.0,73,,,0,0,0,0,0
260,20260110,13,50,50,40,90,-20,,-63,0,36,0,0,10132,81,8.0,72,,,0,0,0,0,0
260,20260110,14,60,40,30,70,-16,,-66,5,50,0,0,10145,81,0.0,68,,,0,0,0,0,0
260,20260110,15,70,30,30,70,-16,,-68,10,39,0,0,10158,80,0.0,67,,,0,0,0,0,0
260,20260110,16,40,20,20,60,-26,,-63,2,7,0,0,10171,83,8.0,75,,,0,0,0,0,0
260,20260110,17,60,30,30,50,-22,,-70,0,0,0,0,10184,83,8.0,69,,,0,0,0,0,0
260,20260110,18,40,20,20,40,-24,-25.0,-66,0,0,0,0,10195,80,8.0,72,,,0,0,0,0,0
260,20260110,19,70,30,40,60,-22,,-68,0,0,0,0,10202,82,8.0,70,,,0,0,0,0,0
260,20260110,20,50,20,20,50,-24,,-66,0,0,0,0,10216,82,8.0,72,,,0,0,0,0,0
260,20260110,21,60,30,30,50,-24,,-66,0,0,0,0,10222,81,8.0,72,,,0,0,0,0,0
260,20260110,22,70,30,30,60,-27,,-66,0,0,0,0,10226,83,8.0,74,,,0,0,0,0,0
260,20260110,23,90,40,20,70,-36,,-71,0,0,0,0,10235,81,8.0,76,,,0,0,0,0,0
260,20260110,24,90,10,20,30,-62,-64.0,-74,0,0,0,0,10236,81,1.0,91,,,0,0,0,0,0
260,20260111,1,0,10,0,20,-65,,-77,0,0,0,0,10245,80,5.0,91,,,0,0,0,0,0
260,20260111,2,90,10,10,20,-86,,-90,0,0,0,0,10249,67,8.0,97,,,0,0,0,0,0
260,20260111,3,140,10,10,20,-89,,-93,0,0,0,0,10253,65,8.0,96,,,0,0,0,0,0
260,20260111,4,120,20,10,20,-90,,-97,0,0,0,0,10250,70,8.0,94,,,0,0,0,0,0
260,20260111,5,140,20,20,20,-91,,-98,0,0,0,0,10246,71,8.0,94,,,0,0,0,0,0
260,20260111,6,140,20,20,30,-89,-114.0,-97,0,0,0,0,10247,68,7.0,93,,,0,0,0,0,0
260,20260111,7,140,20,20,40,-69,,-81,0,0,0,0,10243,81,7.0,90,,,0,0,0,0,0
260,20260111,8,130,30,20,40,-62,,-78,0,1,0,0,10244,75,7.0,88,,,0,0,0,0,0
260,20260111,9,150,30,30,40,-54,,-72,7,19,0,0,10247,68,8.0,87,,,0,0,0,0,0
260,20260111,10,150,30,30,60,-36,,-55,2,31,0,0,10244,61,8.0,86,,,0,0,0,0,0
260,20260111,11,160,30,40,60,-25,,-47,0,29,0,0,10236,60,8.0,85,,,0,0,0,0,0
260,20260111,12,180,40,50,90,-18,-116.0,-39,0,26,0,0,10228,60,8.0,85,,,0,0,0,0,0
260,20260111,13,180,60,50,90,-15,,-33,0,17,0,0,10226,58,8.0,87,,,0,0,0,0,0
260,20260111,14,170,50,50,90,-12,,-30,0,12,0,0,10220,57,8.0,87,,,0,0,0,0,0
260,20260111,15,170,50,60,100,-11,,-28,0,10,0,0,10209,58,8.0,88,,,0,0,0,0,0
260,20260111,16,160,50,40,100,-8,,-25,0,3,0,0,10208,58,8.0,88,,,0,0,0,0,0
260,20260111,17,160,50,50,90,-6,,-24,0,0,0,0,10198,58,8.0,87,,,0,0,0,0,0
260,20260111,18,150,50,50,90,-4,-25.0,-22,0,0,0,0,10187,59,8.0,87,,,0,0,0,0,0
260,20260111,19,160,60,50,100,0,,-23,0,0,0,0,10175,65,8.0,84,,,0,0,0,0,0
260,20260111,20,160,60,50,100,2,,-22,0,0,0,0,10169,68,8.0,83,,,0,0,0,0,0
260,20260111,21,160,60,60,100,4,,-21,0,0,0,0,10160,68,8.0,83,,,0,0,0,0,0
260,20260111,22,150,60,50,100,6,,-20,0,0,0,0,10149,75,8.0,83,,,0,0,0,0,0
260,20260111,23,150,60,60,120,7,,-19,0,0,0,-1,10133,69,7.0,82,,,0,1,0,0,1
260,20260111,24,160,70,60,120,7,-12.0,-12,0,0,9,6,10123,57,8.0,87,,,0,1,0,0,1
260,20260112,1,150,60,70,120,7,,-5,0,0,10,23,10107,50,8.0,91,,,0,1,1,0,1
260,20260112,2,160,60,60,110,7,,-4,0,0,2,4,10102,50,8.0,92,,,0,1,1,0,0
260,20260112,3,160,60,60,100,14,,3,0,0,7,2,10092,58,8.0,92,,,0,1,0,0,0
260,20260112,4,170,60,60,110,18,,5,0,0,4,1,10086,62,8.0,91,,,0,1,0,0,0
260,20260112,5,170,60,60,100,18,,8,0,0,8,4,10079,68,8.0,93,,,0,1,0,0,0
260,20260112,6,170,50,50,90,18,-1.0,11,0,0,0,0,10075,62,8.0,94,,,0,0,0,0,0
260,20260112,7,180,50,50,80,22,,20,0,0,0,0,10073,56,8.0,97,,,0,0,0,0,0
260,20260112,8,180,50,60,90,28,,25,0,0,0,0,10075,62,8.0,97,,,0,0,0,0,0
260,20260112,9,180,50,50,80,31,,30,0,4,0,0,10076,25,8.0,99,,,0,0,0,0,0
260,20260112,10,180,50,50,80,36,,36,0,11,0,0,10074,48,8.0,99,,,0,0,0,0,0
260,20260112,11,180,50,50,80,40,,40,0,18,0,0,10072,23,8.0,99,,,0,0,0,0,0
260,20260112,12,180,40,40,70,45,13.0,45,0,19,0,0,10070,41,8.0,99,,,0,0,0,0,0
260,20260112,13,170,40,40,70,51,,50,0,22,0,0,10063,27,8.0,99,,,0,0,0,0,0
260,20260112,14,160,40,30,70,54,,53,0,14,0,0,10060,23,8.0,99,,,0,0,0,0,0
260,20260112,15,160,30,30,60,56,,56,0,6,0,0,10061,27,8.0,99,,,0,0,0,0,0
260,20260112,16,170,30,30,60,61,,60,0,3,0,0,10056,61,8.0,99,,,0,0,0,0,0
260,20260112,17,180,30,30,60,63,,63,0,0,3,1,10055,59,8.0,99,,,0,1,0,0,0
260,20260112,18,170,30,30,50,65,38.0,65,0,0,0,-1,10055,56,8.0,99,,,0,1,0,0,0
260,20260112,19,180,30,30,50,66,,66,0,0,0,0,10058,42,8.0,99,,,0,0,0,0,0
260,20260112,20,200,20,30,50,69,,68,0,0,0,0,10063,36,8.0,99,,,0,0,0,0,0
260,20260112,21,210,30,30,60,75,,74,0,0,0,0,10068,35,8.0,99,,,0,0,0,0,0
260,20260112,22,220,40,40,70,82,,76,0,0,0,0,10070,60,8.0,95,,,0,0,0,0,0
260,20260112,23,210,40,30,80,76,,71,0,0,0,0,10073,61,5.0,96,,,0,0,0,0,0
260,20260112,24,200,30,40,60,72,60.0,68,0,0,0,0,10074,59,0.0,97,,,0,0,0,0,0
260,20260113,1,200,40,40,80,75,,71,0,0,0,0,10077,61,8.0,97,,,0,0,0,0,0
260,20260113,2,200,40,40,80,76,,75,0,0,0,0,10081,44,8.0,99,,,0,0,0,0,0
260,20260113,3,200,30,20,70,73,,72,0,0,0,0,10080,56,8.0,99,,,0,0,0,0,0
260,20260113,4,170,20,20,40,62,,62,0,0,0,0,10084,33,8.0,99,,,0,0,0,0,0
260,20260113,5,160,20,20,40,71,,71,0,0,0,0,10084,57,8.0,99,,,0,0,0,0,0
260,20260113,6,180,20,30,40,79,57.0,77,0,0,0,0,10086,62,8.0,98,,,0,0,0,0,0
260,20260113,7,180,30,30,50,84,,81,0,0,0,0,10090,60,8.0,97,,,0,0,0,0,0
260,20260113,8,180,30,30,50,85,,82,0,1,0,0,10090,56,8.0,98,,,0,0,0,0,0
260,20260113,9,170,20,20,40,83,,82,0,6,0,0,10090,58,8.0,98,,,0,0,0,0,0
260,20260113,10,160,30,20,60,83,,83,0,11,0,0,10089,40,8.0,99,,,0,0,0,0,0
260,20260113,11,180,30,40,60,92,,91,0,14,4,4,10084,56,8.0,99,,,0,1,0,0,0
260,20260113,12,190,40,40,90,94,74.0,91,0,14,5,3,10079,56,8.0,98,,,0,1,0,0,0
260,20260113,13,190,40,40,80,94,,91,0,14,0,-1,10072,58,8.0,97,,,0,1,0,0,0
260,20260113,14,180,40,40,70,95,,88,0,18,5,1,10068,80,8.0,95,,,0,1,0,0,0
260,20260113,15,170,40,40,70,95,,84,2,15,0,-1,10065,79,8.0,92,,,0,1,0,0,0
260,20260113,16,170,40,30,60,92,,81,0,3,3,1,10065,83,8.0,92,,,0,1,0,0,0
260,20260113,17,180,30,30,60,91,,77,0,0,0,-1,10065,83,8.0,90,,,0,1,0,0,0
260,20260113,18,180,30,40,60,92,85.0,73,0,0,0,-1,10064,83,8.0,87,,,0,1,0,0,0
260,20260113,19,190,40,40,70,93,,69,0,0,0,-1,10063,83,8.0,84,,,0,1,0,0,0
260,20260113,20,200,40,40,70,94,,68,0,0,0,-1,10064,83,8.0,84,,,0,1,0,0,0
260,20260113,21,220,40,40,70,90,,70,0,0,5,1,10068,71,8.0,86,,,0,1,0,0,0
260,20260113,22,210,40,40,60,83,,77,0,0,10,6,10071,59,8.0,95,,,0,1,0,0,0
260,20260113,23,210,40,40,70,82,,79,0,0,9,4,10072,63,8.0,98,,,0,1,0,0,0
260,20260113,24,210,40,30,70,81,79.0,79,0,0,10,10,10073,59,8.0,98,,,0,1,0,0,0
260,20260114,1,220,40,40,60,83,,80,0,0,10,10,10072,58,8.0,97,,,0,1,0,0,0
260,20260114,2,230,40,40,70,83,,81,0,0,8,4,10077,41,8.0,99,,,0,1,0,0,0
260,20260114,3,250,30,30,60,81,,80,0,0,6,3,10082,29,8.0,99,,,0,1,0,0,0
260,20260114,4,310,30,20,60,71,,69,0,0,10,14,10090,29,8.0,99,,,0,1,0,0,0
260,20260114,5,310,20,20,40,67,,66,0,0,9,5,10098,58,8.0,99,,,0,1,0,0,0
260,20260114,6,280,10,10,30,62,58.0,62,0,0,0,-1,10107,61,7.0,99,,,0,1,0,0,0
260,20260114,7,270,10,20,30,61,,57,0,0,0,0,10116,63,7.0,97,,,0,0,0,0,0
260,20260114,8,270,20,10,30,41,,40,0,0,0,0,10125,63,0.0,99,,,0,0,0,0,0
260,20260114,9,260,10,10,20,50,,48,7,21,0,0,10136,66,0.0,98,,,0,0,0,0,0
260,20260114,10,260,10,10,30,63,,48,10,65,0,0,10142,71,0.0,90,,,0,0,0,0,0
260,20260114,11,270,20,20,40,69,,43,10,82,0,0,10146,74,0.0,83,,,0,0,0,0,0
260,20260114,12,310,20,20,30,76,13.0,29,10,100,0,0,10147,80,1.0,72,,,0,0,0,0,0
260,20260114,13,230,10,10,40,82,,16,10,98,0,0,10142,76,0.0,63,,,0,0,0,0,0
260,20260114,14,230,20,20,30,81,,5,10,79,0,0,10139,81,0.0,58,,,0,0,0,0,0
260,20260114,15,180,20,10,40,75,,19,10,48,0,0,10140,82,7.0,67,,,0,0,0,0,0
260,20260114,16,140,20,20,40,41,,22,2,11,0,0,10138,83,5.0,86,,,0,0,0,0,0
260,20260114,17,150,10,20,20,20,,16,0,0,0,0,10139,81,8.0,97,,,0,0,0,0,0
260,20260114,18,110,20,20,20,20,-9.0,19,0,0,0,0,10136,70,6.0,99,,,0,0,0,0,0
260,20260114,19,120,20,20,30,33,,30,0,0,0,0,10133,68,8.0,98,,,0,0,0,0,0
260,20260114,20,140,20,20,30,52,,44,0,0,0,0,10128,62,8.0,94,,,0,0,0,0,0
260,20260114,21,140,30,30,50,58,,54,0,0,0,0,10120,56,8.0,97,,,0,0,0,0,0
260,20260114,22,150,30,30,50,63,,63,0,0,0,0,10117,14,8.0,99,,,0,0,0,0,0
260,20260114,23,160,20,20,40,68,,68,0,0,0,0,10114,7,9.0,99,,,1,0,0,0,0
260,20260114,24,150,30,30,60,71,-6.0,71,0,0,0,0,10106,20,8.0,99,,,1,0,0,0,0
